"","LEP","UHY","site","year"
"1",0.174773952891,0.0081790737726,"ER09",1998
"2",0.109225995594,NA,"ER09",1999
"3",0.262475141584,NA,"ER09",2000
"4",0.345615432893,1.00012003339,"ER09",2001
"5",0.006775,0.109975,"ER09",2002
"6",0.12861294193,NA,"ER09",2003
"7",0.333744430073,NA,"ER09",2004
"8",0.22267616216,NA,"ER09",2005
"9",0.00863142945147,NA,"ER09",2006
"10",-0.020937078425,NA,"ER09",2007
"11",NA,NA,"ER09",2008
"12",NA,NA,"ER09",2009
"13",NA,NA,"ER09",2010
"14",NA,NA,"ER09",2011
"15",NA,NA,"ER09",2012
"16",NA,NA,"ER09",2013
"17",0.857619007948,NA,"ER10",1998
"18",0.196316011921,NA,"ER10",1999
"19",0.0263427516343,0.270363856429,"ER10",2000
"20",0.24297149891,0.759036759582,"ER10",2001
"21",0.0277125,0.0422834893603,"ER10",2002
"22",0.263131762338,NA,"ER10",2003
"23",0.0082306565824,NA,"ER10",2004
"24",0.167351040659,NA,"ER10",2005
"25",0.0448212129372,NA,"ER10",2006
"26",0.0424488180829,NA,"ER10",2007
"27",NA,NA,"ER10",2008
"28",NA,NA,"ER10",2009
"29",NA,NA,"ER10",2010
"30",0.291653692635,NA,"ER10",2011
"31",NA,NA,"ER10",2012
"32",NA,NA,"ER10",2013
"33",0.928855388732,0.00305732233047,"ER15",1998
"34",0.00134653589285,NA,"ER15",1999
"35",0.731147163505,0.205970969555,"ER15",2000
"36",0.156689413793,1.30433819075,"ER15",2001
"37",0.0381625,0.1731,"ER15",2002
"38",0.420079766376,0.00771538059223,"ER15",2003
"39",0.00985874189203,0.429912323292,"ER15",2004
"40",0.28815562935,0.0550396165972,"ER15",2005
"41",0.05172679849,0.177770232565,"ER15",2006
"42",0.00767253071261,0.0138594370407,"ER15",2007
"43",0.220963825695,0.538729081641,"ER15",2009
"44",NA,0.283790564902,"ER15",2010
"45",0.322819134622,0.127076890313,"ER15",2011
"46",NA,NA,"ER15",2012
"47",NA,NA,"ER15",2013
"48",0.761398502757,0.071931712665,"ER30",1998
"49",-0.0312639636589,NA,"ER30",1999
"50",0.0231945653121,NA,"ER30",2000
"51",0.094357648827,0.850033672733,"ER30",2001
"52",0.062658050377,NA,"ER30",2002
"53",NA,NA,"ER30",2003
"54",0.148970146969,NA,"ER30",2004
"55",1.20699419967,NA,"ER30",2005
"56",0.274148121255,NA,"ER30",2006
"57",0.373584485717,NA,"ER30",2007
"58",0.0444393966976,NA,"ER30",2008
"59",NA,NA,"ER30",2009
"60",NA,NA,"ER30",2010
"61",NA,NA,"ER30",2011
"62",NA,NA,"ER30",2012
"63",NA,NA,"ER30",2013
"64",0.268481346558,2.11873341911,"ER31",1998
"65",0.0403598566208,NA,"ER31",1999
"66",0.0308697898348,NA,"ER31",2000
"67",0.755906720099,0.927590251247,"ER31",2001
"68",0.037975,NA,"ER31",2002
"69",NA,NA,"ER31",2003
"70",2.50467867711,NA,"ER31",2004
"71",0.187764975554,NA,"ER31",2005
"72",NA,NA,"ER31",2006
"73",0.979500523531,NA,"ER31",2007
"74",0.0484727831277,NA,"ER31",2008
"75",NA,NA,"ER31",2009
"76",NA,NA,"ER31",2010
"77",1.39935300276,NA,"ER31",2011
"78",NA,NA,"ER31",2012
"79",NA,NA,"ER31",2013
"80",0.0738760254454,NA,"ER32",1999
"81",NA,0.114414130624,"ER32",2000
"82",0.228941797526,0.304553027752,"ER32",2001
"83",0.025075,NA,"ER32",2002
"84",NA,NA,"ER32",2003
"85",1.62643326502,NA,"ER32",2004
"86",0.0608002494532,NA,"ER32",2005
"87",0.14245661187,NA,"ER32",2006
"88",0.672760426636,NA,"ER32",2007
"89",NA,NA,"ER32",2008
"90",NA,NA,"ER32",2009
"91",NA,NA,"ER32",2010
"92",0.06013779112,NA,"ER32",2011
"93",NA,NA,"ER32",2012
"94",NA,NA,"ER32",2013
"95",0.0677615223689,0.337962865337,"ER36",1998
"96",0.0106347456736,NA,"ER36",1999
"97",0.0314358973849,2.54374134893,"ER36",2000
"98",1.16223532733,0.597542930201,"ER36",2001
"99",0.066525,NA,"ER36",2002
"100",NA,NA,"ER36",2003
"101",7.01657447136,NA,"ER36",2004
"102",0.210762717045,NA,"ER36",2005
"103",NA,NA,"ER36",2006
"104",0.297833736429,NA,"ER36",2007
"105",0.0242813709027,NA,"ER36",2008
"106",NA,NA,"ER36",2009
"107",NA,NA,"ER36",2010
"108",0.184481186183,NA,"ER36",2011
"109",NA,NA,"ER36",2012
"110",NA,NA,"ER36",2013
"111",0.963599580503,0.0600393245096,"ER37",1998
"112",0.016537904948,NA,"ER37",1999
"113",0.887252406485,0.0541960371746,"ER37",2000
"114",0.230968552557,1.50082991014,"ER37",2001
"115",0.0680775821047,NA,"ER37",2002
"116",NA,NA,"ER37",2003
"117",3.71225778669,NA,"ER37",2004
"118",0.224617908257,NA,"ER37",2005
"119",0.0668741007436,NA,"ER37",2006
"120",0.99633764991,NA,"ER37",2007
"121",0.0312233315833,NA,"ER37",2008
"122",NA,NA,"ER37",2009
"123",NA,NA,"ER37",2010
"124",NA,NA,"ER37",2011
"125",NA,NA,"ER37",2012
"126",NA,NA,"ER37",2013
"127",0.144833273811,0.360891883092,"ER38",1998
"128",0.192639887131,NA,"ER38",1999
"129",0.832779566783,6.41691233688,"ER38",2000
"130",0.184430157864,3.91585987566,"ER38",2001
"131",0.0320875,NA,"ER38",2002
"132",NA,NA,"ER38",2003
"133",4.58057745706,NA,"ER38",2004
"134",0.578113216336,NA,"ER38",2005
"135",0.260588583047,NA,"ER38",2006
"136",0.281194889588,NA,"ER38",2007
"137",-0.00253578071801,NA,"ER38",2008
"138",NA,NA,"ER38",2009
"139",NA,NA,"ER38",2010
"140",NA,NA,"ER38",2011
"141",NA,NA,"ER38",2012
"142",NA,NA,"ER38",2013
"143",0.056744673631,0.680691549799,"ER42",1998
"144",0.707423644979,NA,"ER42",1999
"145",0.128779740545,0.0799429888474,"ER42",2000
"146",-0.140725468532,4.02810074798,"ER42",2001
"147",0.0209375,NA,"ER42",2002
"148",NA,NA,"ER42",2003
"149",1.94038619234,NA,"ER42",2004
"150",2.35963855111,NA,"ER42",2005
"151",NA,NA,"ER42",2006
"152",0.183734702268,NA,"ER42",2007
"153",0.00689645531682,NA,"ER42",2008
"154",NA,NA,"ER42",2009
"155",NA,NA,"ER42",2010
"156",1.17806853572,NA,"ER42",2011
"157",NA,NA,"ER42",2012
"158",NA,NA,"ER42",2013
"159",0.00648786796565,4.20261944231,"ER43",1998
"160",0.788643663691,NA,"ER43",1999
"161",0.00649206800409,0.634512370336,"ER43",2000
"162",0.0172825640303,NA,"ER43",2002
"163",NA,NA,"ER43",2003
"164",5.69908152494,NA,"ER43",2004
"165",0.427899810482,NA,"ER43",2005
"166",NA,NA,"ER43",2006
"167",1.31658336504,NA,"ER43",2007
"168",NA,NA,"ER43",2008
"169",NA,NA,"ER43",2009
"170",NA,NA,"ER43",2010
"171",0.0609890825486,NA,"ER43",2011
"172",NA,NA,"ER43",2012
"173",NA,NA,"ER43",2013
"174",NA,NA,"ER58",1998
"175",0.000200000000007,NA,"ER58",1999
"176",NA,NA,"ER58",2000
"177",NA,NA,"ER58",2001
"178",NA,NA,"ER58",2002
"179",NA,NA,"ER58",2003
"180",NA,NA,"ER58",2004
"181",NA,NA,"ER58",2005
"182",NA,NA,"ER58",2006
"183",NA,NA,"ER58",2007
"184",NA,NA,"ER58",2008
"185",NA,NA,"ER58",2009
"186",NA,NA,"ER58",2010
"187",NA,NA,"ER58",2011
"188",NA,NA,"ER58",2012
"189",NA,NA,"ER58",2013
"190",NA,NA,"ER59",1998
"191",0.0104,NA,"ER59",2000
"192",NA,NA,"ER59",2001
"193",NA,NA,"ER59",2002
"194",NA,NA,"ER59",2003
"195",NA,NA,"ER59",2004
"196",NA,NA,"ER59",2005
"197",NA,NA,"ER59",2006
"198",NA,NA,"ER59",2007
"199",NA,NA,"ER59",2008
"200",NA,NA,"ER59",2009
"201",NA,NA,"ER59",2010
"202",NA,NA,"ER59",2011
"203",NA,NA,"ER59",2012
"204",NA,NA,"ER59",2013
"205",NA,NA,"ER60",1998
"206",0.0016,NA,"ER60",2000
"207",NA,NA,"ER60",2001
"208",NA,NA,"ER60",2002
"209",NA,NA,"ER60",2003
"210",NA,NA,"ER60",2004
"211",NA,NA,"ER60",2005
"212",NA,NA,"ER60",2006
"213",NA,NA,"ER60",2007
"214",NA,NA,"ER60",2008
"215",NA,NA,"ER60",2009
"216",NA,NA,"ER60",2010
"217",NA,NA,"ER60",2011
"218",NA,NA,"ER60",2012
"219",NA,NA,"ER60",2013
"220",NA,NA,"ER61",1998
"221",NA,NA,"ER61",2000
"222",NA,NA,"ER61",2001
"223",NA,NA,"ER61",2002
"224",NA,NA,"ER61",2003
"225",NA,NA,"ER61",2004
"226",NA,NA,"ER61",2005
"227",NA,NA,"ER61",2006
"228",NA,NA,"ER61",2007
"229",NA,NA,"ER61",2008
"230",NA,NA,"ER61",2009
"231",NA,NA,"ER61",2010
"232",NA,NA,"ER61",2011
"233",NA,NA,"ER61",2012
"234",NA,NA,"ER61",2013
"235",0.117342856236,0.0323295941546,"ER63",1998
"236",0.0634783378413,NA,"ER63",1999
"237",0.21774136271,NA,"ER63",2000
"238",0.344407463915,0.869060229073,"ER63",2001
"239",0.1285625,0.0435625,"ER63",2002
"240",0.257660176772,NA,"ER63",2003
"241",0.24287490392,NA,"ER63",2004
"242",0.288047251922,NA,"ER63",2005
"243",0.0987002196096,NA,"ER63",2006
"244",0.0103758152722,NA,"ER63",2007
"245",NA,NA,"ER63",2008
"246",NA,NA,"ER63",2009
"247",NA,NA,"ER63",2010
"248",0.0505218978573,NA,"ER63",2011
"249",NA,NA,"ER63",2012
"250",NA,NA,"ER63",2013
"251",0.0545488329701,0.026184262274,"ER73",1998
"252",0.0674724197538,NA,"ER73",1999
"253",0.00245606601717,2.78670353544,"ER73",2000
"254",0.146140421292,3.38208061434,"ER73",2001
"255",0.22665,NA,"ER73",2002
"256",NA,NA,"ER73",2003
"257",3.0115033354,NA,"ER73",2004
"258",0.420446325624,NA,"ER73",2005
"259",0.634187629368,NA,"ER73",2006
"260",0.522514780154,NA,"ER73",2007
"261",0.0527178965125,NA,"ER73",2008
"262",NA,NA,"ER73",2009
"263",NA,NA,"ER73",2010
"264",0.377950682565,NA,"ER73",2011
"265",NA,NA,"ER73",2012
"266",NA,NA,"ER73",2013
"267",0.0636410642225,5.60051898891,"ER78",1998
"268",0.0162180194847,NA,"ER78",1999
"269",0.00863883476482,0.149862806691,"ER78",2000
"270",0.169735666517,6.16197391373,"ER78",2001
"271",0.1366125,NA,"ER78",2002
"272",NA,NA,"ER78",2003
"273",0.294625283169,7.15257826895,"ER78",2004
"274",0.335696371477,4.13989972668,"ER78",2005
"275",0.479170042146,0.794119942709,"ER78",2006
"276",0.894695897251,NA,"ER78",2007
"277",0.0039136440431,NA,"ER78",2008
"278",0.762681537891,NA,"ER78",2009
"279",NA,NA,"ER78",2010
"280",0.0171388636016,0.899282415234,"ER78",2011
"281",NA,NA,"ER78",2012
"282",NA,NA,"ER78",2013
"283",NA,NA,"ER91",1998
"284",NA,NA,"ER91",1999
"285",NA,NA,"ER91",2000
"286",NA,NA,"ER91",2001
"287",NA,NA,"ER91",2002
"288",NA,NA,"ER91",2003
"289",NA,NA,"ER91",2004
"290",NA,NA,"ER91",2005
"291",NA,NA,"ER91",2006
"292",NA,NA,"ER91",2007
"293",NA,NA,"ER91",2008
"294",NA,NA,"ER91",2009
"295",NA,NA,"ER91",2010
"296",NA,NA,"ER91",2011
"297",NA,NA,"ER91",2012
"298",NA,NA,"ER91",2013
"299",NA,NA,"ER92",1998
"300",0.002,NA,"ER92",1999
"301",NA,NA,"ER92",2000
"302",NA,NA,"ER92",2001
"303",0.00630000000001,NA,"ER92",2002
"304",NA,NA,"ER92",2003
"305",NA,NA,"ER92",2004
"306",NA,NA,"ER92",2005
"307",NA,NA,"ER92",2006
"308",NA,NA,"ER92",2007
"309",NA,NA,"ER92",2008
"310",NA,NA,"ER92",2009
"311",NA,NA,"ER92",2010
"312",NA,NA,"ER92",2011
"313",NA,NA,"ER92",2012
"314",NA,NA,"ER92",2013
"315",NA,NA,"ER93",1998
"316",NA,NA,"ER93",1999
"317",NA,NA,"ER93",2001
"318",NA,NA,"ER93",2002
"319",NA,NA,"ER93",2003
"320",NA,NA,"ER93",2004
"321",NA,NA,"ER93",2005
"322",NA,NA,"ER93",2006
"323",NA,NA,"ER93",2007
"324",NA,NA,"ER93",2008
"325",NA,NA,"ER93",2009
"326",NA,NA,"ER93",2010
"327",NA,NA,"ER93",2011
"328",NA,NA,"ER93",2012
"329",NA,NA,"ER93",2013
"330",NA,NA,"ER95",1999
"331",NA,NA,"ER95",2000
"332",NA,NA,"ER95",2001
"333",NA,NA,"ER95",2002
"334",NA,NA,"ER95",2003
"335",NA,NA,"ER95",2004
"336",NA,NA,"ER95",2005
"337",NA,NA,"ER95",2006
"338",NA,NA,"ER95",2007
"339",NA,NA,"ER95",2008
"340",NA,NA,"ER95",2009
"341",NA,NA,"ER95",2010
"342",NA,NA,"ER95",2011
"343",NA,NA,"ER95",2012
"344",NA,NA,"ER95",2013
"345",0.0435143525186,0.0956225460196,"HU06",1998
"346",0.100756244584,0.386325431099,"HU06",1999
"347",0.000736916485067,0.337183686963,"HU06",2000
"348",NA,0.0649511453661,"HU06",2001
"349",NA,0.02405,"HU06",2002
"350",0.690546086847,NA,"HU06",2003
"351",0.14127639527,NA,"HU06",2004
"352",0.255564938888,NA,"HU06",2005
"353",2.9543809422,NA,"HU06",2006
"354",NA,NA,"HU06",2007
"355",NA,NA,"HU06",2008
"356",NA,NA,"HU06",2009
"357",NA,NA,"HU06",2010
"358",NA,NA,"HU06",2011
"359",NA,NA,"HU06",2012
"360",NA,NA,"HU06",2013
"361",0.00314423881554,0.324760303038,"HU09",1998
"362",0.00405199224456,0.0139467514421,"HU09",1999
"363",-0.000575735931278,0.0378896446609,"HU09",2000
"364",NA,0.0287737436867,"HU09",2001
"365",NA,0.030425,"HU09",2002
"366",0.389012800346,NA,"HU09",2003
"367",0.223793004166,NA,"HU09",2004
"368",0.103120262521,NA,"HU09",2005
"369",0.235119585853,NA,"HU09",2006
"370",NA,NA,"HU09",2007
"371",NA,NA,"HU09",2008
"372",NA,NA,"HU09",2009
"373",NA,NA,"HU09",2010
"374",NA,NA,"HU09",2011
"375",NA,NA,"HU09",2012
"376",NA,NA,"HU09",2013
"377",0.00505836309449,0.171239986476,"HU12",1998
"378",0.0056540737726,0.050051040764,"HU12",1999
"379",0.00293483495703,0.0883027281759,"HU12",2000
"380",NA,0.0710592775926,"HU12",2001
"381",NA,0.0274293001538,"HU12",2002
"382",0.211472552365,NA,"HU12",2003
"383",0.640246973337,NA,"HU12",2004
"384",0.0268936655113,NA,"HU12",2005
"385",0.206807641846,NA,"HU12",2006
"386",NA,NA,"HU12",2007
"387",0.0381132163386,NA,"HU12",2008
"388",NA,NA,"HU12",2009
"389",NA,NA,"HU12",2010
"390",NA,NA,"HU12",2011
"391",NA,NA,"HU12",2012
"392",NA,NA,"HU12",2013
"393",0.152175840533,0.222203464107,"HU15",1998
"394",0.00510199224459,0.0334687184335,"HU15",1999
"395",-0.00831572875254,0.00999046987566,"HU15",2000
"396",0.115547933791,0.153185980323,"HU15",2001
"397",0.01605,0.5404,"HU15",2002
"398",0.391491213241,NA,"HU15",2003
"399",0.114224390335,0.263910392321,"HU15",2004
"400",0.479430585851,0.30389624049,"HU15",2005
"401",0.905429640923,0.148627529715,"HU15",2006
"402",0.00557044920835,0.225228447876,"HU15",2007
"403",0.0371504408824,0.20831658605,"HU15",2008
"404",0.616953025886,0.15945781665,"HU15",2009
"405",NA,0.580402225282,"HU15",2010
"406",0.0410141993607,0.14877776911,"HU15",2011
"407",NA,NA,"HU15",2012
"408",NA,NA,"HU15",2013
"409",0.0160839204589,0.219366116524,"HU27",1998
"410",NA,0.0216569282143,"HU27",2000
"411",NA,0.370184551788,"HU27",2001
"412",NA,0.1067,"HU27",2002
"413",0.310668673566,NA,"HU27",2003
"414",0.60654721055,NA,"HU27",2004
"415",1.09394289283,NA,"HU27",2005
"416",0.0672319694561,NA,"HU27",2006
"417",NA,NA,"HU27",2007
"418",NA,NA,"HU27",2008
"419",0.0182684610947,NA,"HU27",2009
"420",NA,NA,"HU27",2010
"421",NA,NA,"HU27",2011
"422",NA,NA,"HU27",2012
"423",NA,NA,"HU27",2013
"424",0.191537301628,0.101031980515,"HU32",1998
"425",0.00652343885399,NA,"HU32",1999
"426",0.276001471863,0.0688685921677,"HU32",2000
"427",NA,0.0317863961031,"HU32",2001
"428",NA,0.0159875,"HU32",2002
"429",0.861223733174,NA,"HU32",2004
"430",0.0774506750831,NA,"HU32",2005
"431",0.291836841661,NA,"HU32",2006
"432",NA,NA,"HU32",2007
"433",NA,NA,"HU32",2008
"434",NA,NA,"HU32",2009
"435",NA,NA,"HU32",2010
"436",NA,NA,"HU32",2011
"437",NA,NA,"HU32",2012
"438",NA,NA,"HU32",2013
"439",0.030761343802,0.0699779437252,"HU37",1998
"440",0.14064616344,0.0554762932957,"HU37",1999
"441",NA,NA,"HU37",2000
"442",NA,0.0236074485963,"HU37",2001
"443",NA,0.2504875,"HU37",2002
"444",1.22412163415,NA,"HU37",2003
"445",0.674128391231,NA,"HU37",2004
"446",0.0212151492376,NA,"HU37",2005
"447",0.134083559979,NA,"HU37",2006
"448",NA,NA,"HU37",2007
"449",NA,NA,"HU37",2008
"450",NA,NA,"HU37",2009
"451",NA,NA,"HU37",2010
"452",0.705226317436,NA,"HU37",2011
"453",NA,NA,"HU37",2012
"454",NA,NA,"HU37",2013
"455",0.0473895553775,0.0735694543648,"HU38",1998
"456",0.00274393398283,NA,"HU38",1999
"457",0.0668241594667,0.0606294678888,"HU38",2000
"458",NA,0.098902081528,"HU38",2001
"459",NA,0.047125,"HU38",2002
"460",0.263154807076,NA,"HU38",2003
"461",1.71306160794,NA,"HU38",2004
"462",0.351686806772,NA,"HU38",2005
"463",-0.0590904965205,NA,"HU38",2006
"464",NA,NA,"HU38",2007
"465",NA,NA,"HU38",2008
"466",NA,NA,"HU38",2009
"467",NA,NA,"HU38",2010
"468",NA,NA,"HU38",2011
"469",NA,NA,"HU38",2012
"470",NA,NA,"HU38",2013
"471",0.178204513845,0.11942850109,"HU45",1998
"472",0.0351138564286,NA,"HU45",1999
"473",0.879567456864,0.0355830952442,"HU45",2000
"474",0.0968070174977,0.230628978144,"HU45",2001
"475",0.146425,0.117825,"HU45",2002
"476",0.0138286337006,0.221807396295,"HU45",2003
"477",0.601519996411,0.452379276632,"HU45",2004
"478",0.071506855459,NA,"HU45",2005
"479",0.528122081952,0.0814966955893,"HU45",2006
"480",0.108607281356,0.14811880496,"HU45",2007
"481",0.280926497845,0.174896204496,"HU45",2008
"482",0.413950349584,NA,"HU45",2009
"483",NA,0.0897212903189,"HU45",2010
"484",0.559661360885,0.211737982685,"HU45",2011
"485",NA,NA,"HU45",2012
"486",NA,NA,"HU45",2013
"487",0.0957311769644,0.070945421164,"HU48",1998
"488",0.102890685425,0.0986641612613,"HU48",1999
"489",0.221793622805,0.109781817267,"HU48",2000
"490",NA,0.0668610542879,"HU48",2001
"491",NA,0.0200375,"HU48",2002
"492",0.690593807717,NA,"HU48",2003
"493",0.554423776952,NA,"HU48",2004
"494",1.45357368318,NA,"HU48",2005
"495",0.0224711598891,NA,"HU48",2006
"496",NA,NA,"HU48",2007
"497",NA,NA,"HU48",2008
"498",NA,NA,"HU48",2009
"499",NA,NA,"HU48",2010
"500",NA,NA,"HU48",2011
"501",NA,NA,"HU48",2012
"502",NA,NA,"HU48",2013
"503",0.000376256313302,0.345828694975,"HU53",1998
"504",0.0242131294257,0.057044083816,"HU53",1999
"505",0.150770569094,0.0676810290348,"HU53",2000
"506",NA,0.028046877708,"HU53",2001
"507",NA,0.018725,"HU53",2002
"508",1.21528233239,NA,"HU53",2003
"509",1.53276776958,NA,"HU53",2004
"510",1.20045269695,NA,"HU53",2005
"511",0.43614287734,NA,"HU53",2006
"512",NA,NA,"HU53",2007
"513",NA,NA,"HU53",2008
"514",NA,NA,"HU53",2009
"515",NA,NA,"HU53",2010
"516",NA,NA,"HU53",2011
"517",NA,NA,"HU53",2012
"518",NA,NA,"HU53",2013
"519",0.116258326112,0.0149121320344,"HU54",1998
"520",-0.00771062318938,0.0599092775926,"HU54",1999
"521",0.560898389181,0.127442729971,"HU54",2000
"522",0.118075468081,0.0420174098192,"HU54",2001
"523",0.0118,0.16545,"HU54",2002
"524",0.184620553324,0.061956712665,"HU54",2004
"525",0.0855265362369,0.0667417617472,"HU54",2005
"526",0.0166065240788,0.0749727758199,"HU54",2006
"527",-0.151454923161,0.107597779968,"HU54",2007
"528",0.015954801564,0.105419193097,"HU54",2008
"529",-0.185259493644,0.0613766355175,"HU54",2009
"530",NA,0.0916975838315,"HU54",2010
"531",0.520165812324,0.0596147474787,"HU54",2011
"532",NA,NA,"HU54",2012
"533",NA,NA,"HU54",2013
"534",0.0110255420458,0.190112347584,"HU61",1998
"535",-0.00306988546339,NA,"HU61",1999
"536",0.0217333630945,0.109341473657,"HU61",2000
"537",NA,0.127287726381,"HU61",2001
"538",NA,0.111325,"HU61",2002
"539",0.517342733687,NA,"HU61",2003
"540",0.120511254519,NA,"HU61",2004
"541",0.18844186239,NA,"HU61",2005
"542",0.224085030871,NA,"HU61",2006
"543",NA,NA,"HU61",2007
"544",NA,NA,"HU61",2008
"545",NA,NA,"HU61",2009
"546",NA,NA,"HU61",2010
"547",NA,NA,"HU61",2011
"548",NA,NA,"HU61",2012
"549",NA,NA,"HU61",2013
"550",0.011070836944,0.20706369318,"HU93",1998
"551",0.00523838834762,0.0552302408025,"HU93",1999
"552",0.0353290737726,0.0856281962568,"HU93",2000
"553",NA,0.0301042523395,"HU93",2001
"554",NA,0.0197125,"HU93",2002
"555",0.725852247405,NA,"HU93",2003
"556",1.21020685951,NA,"HU93",2004
"557",2.99829582015,NA,"HU93",2005
"558",-0.00142967943542,NA,"HU93",2006
"559",NA,NA,"HU93",2007
"560",NA,NA,"HU93",2008
"561",0.129847136879,NA,"HU93",2009
"562",NA,NA,"HU93",2010
"563",0.139176451018,NA,"HU93",2011
"564",NA,NA,"HU93",2012
"565",NA,NA,"HU93",2013
"566",NA,NA,"HU95",1998
"567",NA,NA,"HU95",1999
"568",NA,NA,"HU95",2000
"569",NA,NA,"HU95",2001
"570",NA,NA,"HU95",2002
"571",NA,NA,"HU95",2003
"572",NA,NA,"HU95",2004
"573",NA,NA,"HU95",2005
"574",NA,NA,"HU95",2006
"575",NA,NA,"HU95",2007
"576",NA,NA,"HU95",2008
"577",NA,NA,"HU95",2009
"578",NA,NA,"HU95",2010
"579",NA,NA,"HU95",2011
"580",NA,NA,"HU95",2012
"581",NA,NA,"HU95",2013
"582",NA,NA,"HU96",1998
"583",NA,NA,"HU96",1999
"584",NA,NA,"HU96",2000
"585",NA,NA,"HU96",2001
"586",NA,NA,"HU96",2002
"587",NA,NA,"HU96",2003
"588",NA,NA,"HU96",2004
"589",NA,NA,"HU96",2005
"590",NA,NA,"HU96",2006
"591",NA,NA,"HU96",2007
"592",NA,NA,"HU96",2008
"593",NA,NA,"HU96",2009
"594",NA,NA,"HU96",2010
"595",NA,NA,"HU96",2011
"596",NA,NA,"HU96",2012
"597",NA,NA,"HU96",2013
"598",NA,NA,"HU97",1998
"599",NA,NA,"HU97",1999
"600",NA,NA,"HU97",2000
"601",NA,NA,"HU97",2001
"602",NA,NA,"HU97",2002
"603",NA,NA,"HU97",2003
"604",NA,NA,"HU97",2004
"605",NA,NA,"HU97",2005
"606",NA,NA,"HU97",2006
"607",NA,NA,"HU97",2007
"608",NA,NA,"HU97",2008
"609",NA,NA,"HU97",2009
"610",NA,NA,"HU97",2010
"611",NA,NA,"HU97",2011
"612",NA,NA,"HU97",2012
"613",NA,NA,"HU97",2013
"614",NA,NA,"HU98",1998
"615",NA,NA,"HU98",1999
"616",NA,NA,"HU98",2001
"617",NA,NA,"HU98",2002
"618",NA,NA,"HU98",2003
"619",NA,NA,"HU98",2004
"620",NA,NA,"HU98",2005
"621",0.00325805826175,0.0244216621587,"MI11",1998
"622",0.00550355339061,NA,"MI11",1999
"623",NA,NA,"MI11",2000
"624",NA,0.097503122292,"MI11",2001
"625",NA,0.09845,"MI11",2002
"626",5.71924575971,NA,"MI11",2003
"627",0.0351981340213,NA,"MI11",2004
"628",0.118315733127,NA,"MI11",2005
"629",-0.0492574074384,NA,"MI11",2006
"630",NA,NA,"MI11",2007
"631",0.173141017438,NA,"MI11",2008
"632",NA,NA,"MI11",2009
"633",NA,NA,"MI11",2010
"634",NA,NA,"MI11",2011
"635",NA,NA,"MI11",2012
"636",0.0151354816049,0.147300735931,"MI17",1998
"637",0.00178860389694,NA,"MI17",1999
"638",0.0142841423534,0.326370048712,"MI17",2000
"639",NA,0.0809762563133,"MI17",2001
"640",NA,0.0606375,"MI17",2002
"641",0.716321910973,NA,"MI17",2003
"642",1.07533514197,NA,"MI17",2004
"643",0.579692305474,NA,"MI17",2005
"644",0.839210961996,NA,"MI17",2006
"645",NA,NA,"MI17",2007
"646",NA,NA,"MI17",2008
"647",NA,NA,"MI17",2009
"648",NA,NA,"MI17",2010
"649",NA,NA,"MI17",2011
"650",NA,NA,"MI17",2012
"651",NA,NA,"MI17",2013
"652",0.0122062815664,NA,"MI18",1998
"653",0.0493597456736,NA,"MI18",1999
"654",0.033025,NA,"MI18",2000
"655",3.41655818915,0.109362600115,"MI18",2001
"656",0.0475375,0.1212125,"MI18",2002
"657",0.526134992949,NA,"MI18",2003
"658",0.310538862774,NA,"MI18",2004
"659",0.0866789228149,NA,"MI18",2005
"660",0.400304715127,0.101167021248,"MI18",2006
"661",0.123442427431,0.0808956200062,"MI18",2007
"662",0.0850056169851,NA,"MI18",2008
"663",0.112462103246,0.0137691245536,"MI18",2009
"664",NA,NA,"MI18",2010
"665",1.30442531507,0.181767283204,"MI18",2011
"666",NA,NA,"MI18",2012
"667",NA,NA,"MI18",2013
"668",0.00283327381104,0.0587999630176,"MI19",1998
"669",-0.00728614357138,NA,"MI19",1999
"670",0.320322767914,0.200102044546,"MI19",2000
"671",NA,0.00732738636074,"MI19",2001
"672",NA,0.147025,"MI19",2002
"673",0.0490963203436,NA,"MI19",2003
"674",0.0523961417767,NA,"MI19",2004
"675",0.386624323426,NA,"MI19",2005
"676",0.748777383267,NA,"MI19",2006
"677",NA,NA,"MI19",2007
"678",NA,NA,"MI19",2008
"679",NA,NA,"MI19",2009
"680",NA,NA,"MI19",2010
"681",NA,NA,"MI19",2011
"682",NA,NA,"MI19",2012
"683",NA,NA,"MI19",2013
"684",0.0167168894372,0.0435919417382,"MI23",1998
"685",0.00926767766954,NA,"MI23",1999
"686",NA,0.719385632163,"MI23",2000
"687",NA,0.0817603553391,"MI23",2001
"688",NA,0.0716375,"MI23",2002
"689",0.150933206191,NA,"MI23",2003
"690",1.03197473849,NA,"MI23",2004
"691",0.14531895796,NA,"MI23",2005
"692",0.19238360272,NA,"MI23",2006
"693",NA,NA,"MI23",2007
"694",NA,NA,"MI23",2008
"695",NA,NA,"MI23",2009
"696",NA,NA,"MI23",2010
"697",NA,NA,"MI23",2011
"698",NA,NA,"MI23",2012
"699",NA,NA,"MI23",2013
"700",NA,NA,"MI27",1998
"701",0.0187526758748,NA,"MI27",1999
"702",0.0627166369055,0.378325877516,"MI27",2000
"703",0.282469171196,0.12618869318,"MI27",2001
"704",0.052375,0.0419375,"MI27",2002
"705",0.248965828098,0.0188993010511,"MI27",2003
"706",1.67619059877,0.058495368863,"MI27",2004
"707",1.00325225568,0.348734148203,"MI27",2005
"708",0.00974555681805,NA,"MI27",2006
"709",0.689162724177,0.150282680823,"MI27",2007
"710",0.500979450746,0.150151218131,"MI27",2008
"711",0.225988093156,0.0214320961464,"MI27",2009
"712",NA,0.599528698878,"MI27",2010
"713",0.202581796203,0.0597793666035,"MI27",2011
"714",NA,NA,"MI27",2012
"715",NA,NA,"MI27",2013
"716",NA,NA,"MI30",1999
"717",NA,NA,"MI30",2000
"718",NA,NA,"MI30",2001
"719",NA,NA,"MI30",2002
"720",NA,NA,"MI30",2003
"721",NA,NA,"MI30",2004
"722",NA,NA,"MI30",2005
"723",NA,NA,"MI30",2006
"724",NA,NA,"MI30",2007
"725",NA,NA,"MI30",2008
"726",NA,NA,"MI30",2009
"727",NA,NA,"MI30",2010
"728",NA,NA,"MI30",2011
"729",NA,NA,"MI30",2012
"730",NA,NA,"MI30",2013
"731",NA,NA,"MI31",1999
"732",NA,NA,"MI31",2001
"733",NA,NA,"MI31",2002
"734",NA,NA,"MI31",2003
"735",NA,NA,"MI31",2004
"736",NA,NA,"MI31",2005
"737",NA,NA,"MI31",2006
"738",NA,NA,"MI31",2007
"739",NA,NA,"MI31",2008
"740",NA,NA,"MI31",2009
"741",NA,NA,"MI31",2010
"742",NA,NA,"MI31",2012
"743",NA,NA,"MI31",2013
"744",0.0079055456352,NA,"MI32",1998
"745",NA,0.726160540251,"MI32",2000
"746",NA,0.0935232756057,"MI32",2001
"747",NA,0.1088125,"MI32",2002
"748",1.70960492482,NA,"MI32",2003
"749",NA,NA,"MI32",2004
"750",2.6770425653,NA,"MI32",2005
"751",0.335975226053,NA,"MI32",2006
"752",NA,NA,"MI32",2007
"753",NA,NA,"MI32",2008
"754",NA,NA,"MI32",2009
"755",NA,NA,"MI32",2010
"756",NA,NA,"MI32",2011
"757",NA,NA,"MI32",2012
"758",NA,NA,"MI32",2013
"759",0.125303683373,0.0404062815665,"MI34",1998
"760",NA,NA,"MI34",2000
"761",NA,0.0213739962184,"MI34",2001
"762",NA,0.129025,"MI34",2002
"763",0.115425905525,NA,"MI34",2003
"764",NA,NA,"MI34",2004
"765",0.0888281482909,NA,"MI34",2005
"766",-0.0327709680766,NA,"MI34",2006
"767",NA,NA,"MI34",2007
"768",NA,NA,"MI34",2008
"769",NA,NA,"MI34",2009
"770",NA,NA,"MI34",2010
"771",NA,NA,"MI34",2012
"772",NA,NA,"MI34",2013
"773",0.0106739439174,NA,"MI40",1998
"774",0.0100608757211,NA,"MI40",1999
"775",0.00121143308546,0.019992766953,"MI40",2000
"776",NA,0.00620961940777,"MI40",2001
"777",NA,0.2554875,"MI40",2002
"778",0.00688576214557,NA,"MI40",2003
"779",0.582095353093,NA,"MI40",2004
"780",0.0426344613027,NA,"MI40",2005
"781",0.0612058199824,NA,"MI40",2006
"782",NA,NA,"MI40",2007
"783",NA,NA,"MI40",2008
"784",NA,NA,"MI40",2009
"785",NA,NA,"MI40",2010
"786",NA,NA,"MI40",2011
"787",NA,NA,"MI40",2012
"788",NA,NA,"MI40",2013
"789",1.16350198699,NA,"MI41",1998
"790",0.000944669914105,NA,"MI41",1999
"791",0.0747553454045,0.0138542893219,"MI41",2000
"792",-0.00131035533906,0.195088499295,"MI41",2001
"793",0.2309125,0.1766875,"MI41",2002
"794",1.14720808364,0.0255762563133,"MI41",2003
"795",0.797054475323,0.13952760191,"MI41",2004
"796",0.0569627589243,NA,"MI41",2005
"797",1.17638752163,0.0626292428778,"MI41",2006
"798",0.818946408285,0.0705868326593,"MI41",2007
"799",0.118373709462,NA,"MI41",2008
"800",2.67220221534,0.0409168036057,"MI41",2009
"801",NA,NA,"MI41",2010
"802",1.89060814134,0.237665956468,"MI41",2011
"803",NA,NA,"MI41",2012
"804",NA,NA,"MI41",2013
"805",NA,NA,"MI42",1999
"806",NA,NA,"MI42",2000
"807",NA,NA,"MI42",2001
"808",NA,NA,"MI42",2002
"809",NA,NA,"MI42",2003
"810",NA,NA,"MI42",2004
"811",NA,NA,"MI42",2005
"812",NA,NA,"MI42",2006
"813",NA,NA,"MI42",2007
"814",NA,NA,"MI42",2008
"815",NA,NA,"MI42",2009
"816",NA,NA,"MI42",2010
"817",NA,NA,"MI42",2011
"818",NA,NA,"MI42",2012
"819",NA,NA,"MI42",2013
"820",NA,NA,"MI46",1998
"821",NA,NA,"MI46",1999
"822",NA,NA,"MI46",2000
"823",NA,NA,"MI46",2001
"824",NA,NA,"MI46",2002
"825",NA,NA,"MI46",2003
"826",NA,NA,"MI46",2004
"827",NA,NA,"MI46",2005
"828",NA,NA,"MI46",2006
"829",NA,NA,"MI46",2007
"830",NA,NA,"MI46",2008
"831",NA,NA,"MI46",2009
"832",NA,NA,"MI46",2010
"833",NA,NA,"MI46",2011
"834",NA,NA,"MI46",2012
"835",NA,NA,"MI46",2013
"836",0.0115251262659,0.439947019292,"MI47",1998
"837",0.0976686954556,NA,"MI47",1999
"838",NA,NA,"MI47",2000
"839",NA,0.19031554384,"MI47",2001
"840",NA,0.0618625,"MI47",2002
"841",0.141963243046,NA,"MI47",2003
"842",0.978672287143,NA,"MI47",2004
"843",0.23559314276,NA,"MI47",2005
"844",0.0764141742739,NA,"MI47",2006
"845",NA,NA,"MI47",2007
"846",NA,NA,"MI47",2008
"847",NA,NA,"MI47",2009
"848",NA,NA,"MI47",2010
"849",0.04162018082,NA,"MI47",2011
"850",NA,NA,"MI47",2012
"851",NA,NA,"MI47",2013
"852",NA,NA,"MI48",1998
"853",NA,NA,"MI48",1999
"854",NA,NA,"MI48",2000
"855",NA,NA,"MI48",2001
"856",NA,NA,"MI48",2002
"857",NA,NA,"MI48",2003
"858",NA,NA,"MI48",2004
"859",NA,NA,"MI48",2005
"860",NA,NA,"MI48",2006
"861",NA,NA,"MI48",2007
"862",NA,NA,"MI48",2008
"863",NA,NA,"MI48",2009
"864",NA,NA,"MI48",2010
"865",NA,NA,"MI48",2011
"866",NA,NA,"MI48",2012
"867",NA,NA,"MI48",2013
"868",NA,NA,"MI49",1999
"869",NA,NA,"MI49",2000
"870",NA,NA,"MI49",2001
"871",NA,NA,"MI49",2002
"872",NA,NA,"MI49",2003
"873",NA,NA,"MI49",2004
"874",NA,NA,"MI49",2005
"875",NA,NA,"MI49",2006
"876",NA,NA,"MI49",2007
"877",NA,NA,"MI49",2008
"878",NA,NA,"MI49",2009
"879",NA,NA,"MI49",2010
"880",NA,NA,"MI49",2011
"881",NA,NA,"MI49",2012
"882",NA,NA,"MI49",2013
"883",NA,NA,"MI50",1999
"884",NA,NA,"MI50",2000
"885",NA,NA,"MI50",2001
"886",NA,NA,"MI50",2002
"887",NA,NA,"MI50",2003
"888",NA,NA,"MI50",2004
"889",NA,NA,"MI50",2005
"890",NA,NA,"MI50",2006
"891",NA,NA,"MI50",2007
"892",NA,NA,"MI50",2008
"893",NA,NA,"MI50",2009
"894",NA,NA,"MI50",2010
"895",NA,NA,"MI50",2011
"896",NA,NA,"MI50",2012
"897",NA,NA,"MI50",2013
"898",NA,NA,"MI51",1999
"899",NA,NA,"MI51",2000
"900",NA,NA,"MI51",2001
"901",NA,NA,"MI51",2002
"902",NA,NA,"MI51",2003
"903",NA,NA,"MI51",2004
"904",NA,NA,"MI51",2005
"905",NA,NA,"MI51",2006
"906",NA,NA,"MI51",2007
"907",NA,NA,"MI51",2008
"908",NA,NA,"MI51",2009
"909",NA,NA,"MI51",2010
"910",NA,NA,"MI51",2011
"911",NA,NA,"MI51",2012
"912",NA,NA,"MI51",2013
"913",NA,NA,"MI52",1999
"914",NA,NA,"MI52",2000
"915",NA,NA,"MI52",2001
"916",NA,NA,"MI52",2002
"917",NA,NA,"MI52",2003
"918",NA,NA,"MI52",2004
"919",NA,NA,"MI52",2005
"920",NA,NA,"MI52",2006
"921",NA,NA,"MI52",2007
"922",NA,NA,"MI52",2008
"923",NA,NA,"MI52",2009
"924",NA,NA,"MI52",2010
"925",NA,NA,"MI52",2011
"926",NA,NA,"MI52",2012
"927",NA,NA,"MI52",2013
"928",NA,NA,"MI53",1999
"929",NA,NA,"MI53",2000
"930",NA,NA,"MI53",2001
"931",NA,NA,"MI53",2002
"932",NA,NA,"MI53",2003
"933",NA,NA,"MI53",2004
"934",NA,NA,"MI53",2005
"935",NA,NA,"MI53",2006
"936",NA,NA,"MI53",2007
"937",NA,NA,"MI53",2008
"938",NA,NA,"MI53",2009
"939",NA,NA,"MI53",2010
"940",NA,NA,"MI53",2011
"941",NA,NA,"MI53",2012
"942",NA,NA,"MI53",2013
"943",0.911353350532,NA,"ON12",1998
"944",0.96163634643,0.0147126524164,"ON12",1999
"945",0.172074353352,0.254367551404,"ON12",2000
"946",NA,0.41261444443,"ON12",2001
"947",NA,0.2048875,"ON12",2002
"948",0.532721487309,NA,"ON12",2003
"949",0.136563568003,NA,"ON12",2004
"950",NA,NA,"ON12",2005
"951",0.0344345930728,NA,"ON12",2006
"952",0.791609315219,NA,"ON12",2007
"953",NA,NA,"ON12",2008
"954",NA,NA,"ON12",2009
"955",NA,NA,"ON12",2010
"956",NA,NA,"ON12",2011
"957",NA,NA,"ON12",2012
"958",NA,NA,"ON12",2013
"959",1.79539903583,0.0796645553775,"ON25",1998
"960",2.21473489623,NA,"ON25",1999
"961",0.247952207794,0.166349390335,"ON25",2000
"962",NA,0.383006133637,"ON25",2001
"963",NA,0.29755,"ON25",2002
"964",0.25779672715,NA,"ON25",2004
"965",0.209958778988,NA,"ON25",2005
"966",0.206841116111,NA,"ON25",2006
"967",0.40408587288,NA,"ON25",2007
"968",NA,NA,"ON25",2008
"969",NA,NA,"ON25",2009
"970",NA,NA,"ON25",2010
"971",NA,NA,"ON25",2011
"972",NA,NA,"ON25",2012
"973",NA,NA,"ON25",2013
"974",0.0458943254707,0.131276293296,"ON33",1998
"975",1.76275967959,NA,"ON33",1999
"976",NA,0.0844449964106,"ON33",2000
"977",0.237766308869,0.428133935778,"ON33",2001
"978",NA,0.0539625,"ON33",2002
"979",1.0219455739,NA,"ON33",2003
"980",0.0779873629022,0.0344962310601,"ON33",2004
"981",3.53648810161,0.0604848502572,"ON33",2005
"982",1.01011283839,0.110060739673,"ON33",2006
"983",0.512244906664,0.0278617826561,"ON33",2007
"984",NA,0.0988092460467,"ON33",2008
"985",0.13167200485,0.0569178579442,"ON33",2009
"986",0.0645161806235,NA,"ON33",2011
"987",NA,NA,"ON33",2012
"988",NA,NA,"ON33",2013
"989",-0.00143470869124,0.10751952833,"ON41",1998
"990",0.223164564351,NA,"ON41",1999
"991",0.399496256441,0.230688982694,"ON41",2000
"992",NA,0.541143493911,"ON41",2001
"993",NA,NA,"ON41",2002
"994",0.992360636968,NA,"ON41",2004
"995",-0.0719500958636,NA,"ON41",2005
"996",0.280189226781,NA,"ON41",2006
"997",0.0199918850858,NA,"ON41",2007
"998",NA,NA,"ON41",2008
"999",NA,NA,"ON41",2009
"1000",NA,NA,"ON41",2010
"1001",NA,NA,"ON41",2011
"1002",NA,NA,"ON41",2012
"1003",NA,NA,"ON41",2013
"1004",0.182607633508,NA,"ON49",1998
"1005",0.631468585823,NA,"ON49",1999
"1006",NA,NA,"ON49",2000
"1007",NA,NA,"ON49",2001
"1008",NA,0.457775,"ON49",2002
"1009",NA,NA,"ON49",2003
"1010",0.169288912447,NA,"ON49",2004
"1011",1.33000172991,NA,"ON49",2005
"1012",0.027750492248,NA,"ON49",2006
"1013",NA,NA,"ON49",2007
"1014",NA,NA,"ON49",2008
"1015",NA,NA,"ON49",2009
"1016",NA,NA,"ON49",2010
"1017",NA,NA,"ON49",2011
"1018",NA,NA,"ON49",2012
"1019",NA,NA,"ON49",2013
"1020",0.000865165042981,0.00594267766953,"ON55",1998
"1021",3.83883476616e-05,0.0967603553391,"ON55",1999
"1022",NA,0.732430856813,"ON55",2000
"1023",0.110465140751,0.27646617517,"ON55",2001
"1024",-0.02195,0.143525,"ON55",2002
"1025",0.414183412767,0.176381460133,"ON55",2003
"1026",0.162298199013,0.0816727922061,"ON55",2004
"1027",3.23081702959,0.158877413232,"ON55",2005
"1028",0.0727432644053,0.341591054178,"ON55",2006
"1029",0.0494180715832,-0.000425946641357,"ON55",2007
"1030",-0.00133679761532,0.0483530202512,"ON55",2008
"1031",0.00332381290978,0.0430995258337,"ON55",2009
"1032",NA,0.0261663552288,"ON55",2010
"1033",0.360873191826,NA,"ON55",2011
"1034",NA,NA,"ON55",2012
"1035",NA,NA,"ON55",2013
"1036",0.0170533964875,0.0303997474683,"ON60",1998
"1037",0.000979853031467,0.141921372645,"ON60",1999
"1038",0.00744956890145,NA,"ON60",2000
"1039",NA,0.312614102615,"ON60",2001
"1040",NA,1.715075,"ON60",2002
"1041",0.532401528969,NA,"ON60",2003
"1042",0.0137034641072,NA,"ON60",2004
"1043",0.269694563077,NA,"ON60",2005
"1044",0.00399649086641,NA,"ON60",2006
"1045",0.0851517411835,NA,"ON60",2007
"1046",NA,NA,"ON60",2008
"1047",NA,NA,"ON60",2009
"1048",NA,NA,"ON60",2010
"1049",NA,NA,"ON60",2011
"1050",NA,NA,"ON60",2012
"1051",NA,NA,"ON60",2013
"1052",0.376061383413,0.0372314971157,"ON63",1998
"1053",0.0138446329317,0.790650363479,"ON63",1999
"1054",0.27067930464,NA,"ON63",2000
"1055",NA,1.1187834793,"ON63",2001
"1056",NA,1.0339625,"ON63",2002
"1057",0.417896966991,NA,"ON63",2003
"1058",0.0599803517497,NA,"ON63",2004
"1059",0.756196334499,NA,"ON63",2005
"1060",0.00535421035183,NA,"ON63",2006
"1061",0.0853578517792,NA,"ON63",2007
"1062",NA,NA,"ON63",2008
"1063",NA,NA,"ON63",2009
"1064",NA,NA,"ON63",2010
"1065",NA,NA,"ON63",2011
"1066",NA,NA,"ON63",2012
"1067",NA,NA,"ON63",2013
"1068",NA,NA,"ON64",1998
"1069",NA,NA,"ON64",2000
"1070",NA,NA,"ON64",2001
"1071",NA,NA,"ON64",2002
"1072",NA,NA,"ON64",2003
"1073",NA,NA,"ON64",2004
"1074",NA,NA,"ON64",2005
"1075",NA,NA,"ON64",2006
"1076",NA,NA,"ON64",2007
"1077",NA,NA,"ON64",2008
"1078",NA,NA,"ON64",2009
"1079",NA,NA,"ON64",2010
"1080",NA,NA,"ON64",2011
"1081",NA,NA,"ON64",2013
"1082",NA,NA,"ON65",1998
"1083",NA,NA,"ON65",2000
"1084",NA,NA,"ON65",2001
"1085",NA,NA,"ON65",2002
"1086",NA,NA,"ON65",2003
"1087",NA,NA,"ON65",2004
"1088",NA,NA,"ON65",2005
"1089",NA,NA,"ON65",2006
"1090",NA,NA,"ON65",2007
"1091",NA,NA,"ON65",2008
"1092",NA,NA,"ON65",2009
"1093",NA,NA,"ON65",2010
"1094",NA,NA,"ON65",2011
"1095",NA,NA,"ON65",2012
"1096",NA,NA,"ON65",2013
"1097",NA,NA,"ON67",2000
"1098",NA,NA,"ON67",2001
"1099",NA,NA,"ON67",2002
"1100",NA,NA,"ON67",2003
"1101",NA,NA,"ON67",2004
"1102",NA,NA,"ON67",2005
"1103",NA,NA,"ON67",2006
"1104",NA,NA,"ON67",2007
"1105",NA,NA,"ON67",2009
"1106",NA,NA,"ON67",2010
"1107",NA,NA,"ON67",2011
"1108",NA,NA,"ON67",2012
"1109",NA,NA,"ON67",2013
"1110",NA,NA,"ON68",1998
"1111",NA,NA,"ON68",2000
"1112",NA,NA,"ON68",2001
"1113",NA,NA,"ON68",2002
"1114",NA,NA,"ON68",2003
"1115",NA,NA,"ON68",2004
"1116",NA,NA,"ON68",2005
"1117",NA,NA,"ON68",2006
"1118",NA,NA,"ON68",2007
"1119",NA,NA,"ON68",2008
"1120",NA,NA,"ON68",2009
"1121",NA,NA,"ON68",2010
"1122",NA,NA,"ON68",2011
"1123",NA,NA,"ON68",2012
"1124",NA,NA,"ON68",2013
"1125",NA,NA,"ON69",2000
"1126",NA,NA,"ON69",2003
"1127",NA,NA,"ON69",2004
"1128",NA,NA,"ON69",2005
"1129",NA,NA,"ON69",2006
"1130",NA,NA,"ON69",2007
"1131",NA,NA,"ON69",2009
"1132",NA,NA,"ON69",2010
"1133",NA,NA,"ON69",2011
"1134",NA,NA,"ON69",2012
"1135",NA,NA,"ON69",2013
"1136",0.090547866171,0.241564875529,"SU01",1998
"1137",0.320452780477,NA,"SU01",1999
"1138",0.0886603211726,0.0916177589583,"SU01",2000
"1139",NA,0.0375825378798,"SU01",2001
"1140",NA,0.08715,"SU01",2002
"1141",2.83458368107,0.0244218407256,"SU01",2003
"1142",0.133425163248,NA,"SU01",2004
"1143",3.51319646294,0.247777215537,"SU01",2005
"1144",0.663145349864,NA,"SU01",2006
"1145",0.103997937672,NA,"SU01",2007
"1146",0.0606713530219,0.128498608187,"SU01",2008
"1147",0.526616067603,NA,"SU01",2009
"1148",NA,0.0756024627377,"SU01",2010
"1149",1.01539448503,0.172149966837,"SU01",2011
"1150",NA,NA,"SU01",2012
"1151",NA,NA,"SU01",2013
"1152",0.132762436867,0.0317331845276,"SU02",1998
"1153",0.278484071017,NA,"SU02",1999
"1154",0.123462461347,0.0510519078921,"SU02",2000
"1155",NA,0.0211643398282,"SU02",2001
"1156",NA,NA,"SU02",2002
"1157",NA,NA,"SU02",2003
"1158",1.51174020203,NA,"SU02",2004
"1159",0.0848565123781,NA,"SU02",2005
"1160",0.0353484033509,NA,"SU02",2006
"1161",0.109119409153,NA,"SU02",2007
"1162",NA,NA,"SU02",2008
"1163",NA,NA,"SU02",2009
"1164",NA,NA,"SU02",2010
"1165",NA,NA,"SU02",2011
"1166",NA,NA,"SU02",2012
"1167",NA,NA,"SU02",2013
"1168",0.105087480195,NA,"SU03",1998
"1169",-0.207331518142,NA,"SU03",1999
"1170",0.065847232201,0.0546205975858,"SU03",2000
"1171",NA,0.0762148602102,"SU03",2001
"1172",NA,0.266475,"SU03",2002
"1173",NA,NA,"SU03",2003
"1174",0.132040765735,NA,"SU03",2004
"1175",0.0364487444051,NA,"SU03",2005
"1176",0.561954452509,NA,"SU03",2006
"1177",-0.00529618221734,NA,"SU03",2007
"1178",NA,NA,"SU03",2008
"1179",NA,NA,"SU03",2009
"1180",NA,NA,"SU03",2010
"1181",NA,NA,"SU03",2011
"1182",NA,NA,"SU03",2012
"1183",NA,NA,"SU03",2013
"1184",0.0469403282912,0.103796483592,"SU04",1998
"1185",0.0788764935264,NA,"SU04",1999
"1186",0.078249863697,0.0459204849164,"SU04",2000
"1187",NA,0.0213356601718,"SU04",2001
"1188",NA,0.3813875,"SU04",2002
"1189",0.111337652416,NA,"SU04",2003
"1190",0.0701802994487,NA,"SU04",2004
"1191",0.053788352532,NA,"SU04",2005
"1192",-0.0388671652742,NA,"SU04",2006
"1193",0.00551609009099,NA,"SU04",2007
"1194",NA,NA,"SU04",2008
"1195",NA,NA,"SU04",2009
"1196",NA,NA,"SU04",2010
"1197",0.31187811058,NA,"SU04",2011
"1198",NA,NA,"SU04",2012
"1199",NA,NA,"SU04",2013
"1200",0.0952575901808,NA,"SU05",1998
"1201",0.378624827778,NA,"SU05",1999
"1202",NA,0.146182803512,"SU05",2000
"1203",NA,0.0371428562364,"SU05",2001
"1204",NA,0.09595,"SU05",2002
"1205",0.175695960582,NA,"SU05",2003
"1206",0.0660363591206,NA,"SU05",2004
"1207",0.0694872657947,NA,"SU05",2005
"1208",0.00191055866514,NA,"SU05",2006
"1209",0.0248068847468,NA,"SU05",2007
"1210",NA,NA,"SU05",2008
"1211",NA,NA,"SU05",2009
"1212",NA,NA,"SU05",2010
"1213",NA,NA,"SU05",2011
"1214",NA,NA,"SU05",2012
"1215",NA,NA,"SU05",2013
"1216",0.0184655591591,0.323536768555,"SU06",1998
"1217",-0.0379559397513,NA,"SU06",1999
"1218",-0.000512831829269,0.202667156895,"SU06",2000
"1219",NA,0.219595858608,"SU06",2001
"1220",NA,0.1878375,"SU06",2002
"1221",0.0850117136262,NA,"SU06",2003
"1222",0.0105388780924,NA,"SU06",2004
"1223",0.0374433720458,NA,"SU06",2006
"1224",NA,NA,"SU06",2007
"1225",NA,NA,"SU06",2008
"1226",NA,NA,"SU06",2009
"1227",NA,NA,"SU06",2010
"1228",NA,NA,"SU06",2011
"1229",NA,NA,"SU06",2012
"1230",NA,NA,"SU06",2013
"1231",NA,NA,"SU07",1998
"1232",0.0324140872965,NA,"SU07",1999
"1233",0.153104382165,0.128727837534,"SU07",2000
"1234",NA,0.0247461047943,"SU07",2001
"1235",NA,0.5580875,"SU07",2002
"1236",0.00296790328091,NA,"SU07",2003
"1237",0.413018071786,NA,"SU07",2004
"1238",0.159059956227,NA,"SU07",2005
"1239",-0.366402087395,NA,"SU07",2006
"1240",NA,NA,"SU07",2007
"1241",NA,NA,"SU07",2008
"1242",NA,NA,"SU07",2009
"1243",NA,NA,"SU07",2010
"1244",NA,NA,"SU07",2011
"1245",NA,NA,"SU07",2012
"1246",NA,NA,"SU07",2013
"1247",0.0186954058454,0.0681534641072,"SU08",1998
"1248",0.0502015981284,NA,"SU08",1999
"1249",NA,0.0615572234328,"SU08",2000
"1250",NA,0.0183815863992,"SU08",2001
"1251",NA,0.047625,"SU08",2002
"1252",0.0773396293423,0.0327262932957,"SU08",2003
"1253",0.129896966991,0.0550580212794,"SU08",2004
"1254",0.308136034285,NA,"SU08",2005
"1255",0.0551450455638,NA,"SU08",2006
"1256",0.067960416905,NA,"SU08",2007
"1257",0.00930454412263,NA,"SU08",2008
"1258",0.0766386210112,0.0138132827727,"SU08",2009
"1259",NA,0.0759513942896,"SU08",2010
"1260",0.0601798755541,0.253425388296,"SU08",2011
"1261",NA,NA,"SU08",2012
"1262",NA,NA,"SU08",2013
"1263",-0.256063615499,0.0791775649276,"SU09",1998
"1264",0.0163921572875,NA,"SU09",1999
"1265",NA,0.0564671064595,"SU09",2000
"1266",NA,0.0813345824254,"SU09",2001
"1267",NA,0.0800626600757,"SU09",2002
"1268",0.558683600308,NA,"SU09",2003
"1269",0.00819752435582,NA,"SU09",2004
"1270",0.0716492834157,NA,"SU09",2006
"1271",0.0964272585346,NA,"SU09",2007
"1272",NA,NA,"SU09",2008
"1273",NA,NA,"SU09",2009
"1274",NA,NA,"SU09",2010
"1275",0.459436118173,NA,"SU09",2011
"1276",NA,NA,"SU09",2012
"1277",NA,NA,"SU09",2013
"1278",0.0415852137546,0.0391,"SU10",1998
"1279",0.0364100874887,NA,"SU10",1999
"1280",0.152200411622,0.0716587053326,"SU10",2000
"1281",NA,0.0622788582233,"SU10",2001
"1282",NA,0.0809384329894,"SU10",2002
"1283",0.00493690116645,NA,"SU10",2003
"1284",0.000335697154192,NA,"SU10",2004
"1285",0.0848541321016,NA,"SU10",2005
"1286",0.00933550235415,NA,"SU10",2006
"1287",NA,NA,"SU10",2007
"1288",NA,NA,"SU10",2008
"1289",NA,NA,"SU10",2009
"1290",NA,NA,"SU10",2010
"1291",0.0322210091104,NA,"SU10",2011
"1292",NA,NA,"SU10",2012
"1293",NA,NA,"SU10",2013
"1294",0.019154683438,0.0432950640303,"SU11",1998
"1295",0.53417215716,NA,"SU11",1999
"1296",0.174379609772,NA,"SU11",2000
"1297",NA,0.0425191125497,"SU11",2001
"1298",NA,0.129125,"SU11",2002
"1299",NA,NA,"SU11",2003
"1300",0.0574241045374,NA,"SU11",2004
"1301",0.043676215286,NA,"SU11",2006
"1302",0.0318641693301,NA,"SU11",2007
"1303",NA,NA,"SU11",2008
"1304",NA,NA,"SU11",2009
"1305",NA,NA,"SU11",2010
"1306",0.0280984281016,NA,"SU11",2011
"1307",NA,NA,"SU11",2012
"1308",NA,NA,"SU11",2013
"1309",0.000724264068708,0.0101863068196,"SU12",1998
"1310",0.437536130881,NA,"SU12",1999
"1311",NA,0.0239395321668,"SU12",2000
"1312",NA,0.00795888347649,"SU12",2001
"1313",NA,0.1647125,"SU12",2002
"1314",0.0956867009358,NA,"SU12",2003
"1315",0.021369328099,NA,"SU12",2004
"1316",0.137820105972,NA,"SU12",2005
"1317",0.153193326975,NA,"SU12",2006
"1318",0.109093408516,NA,"SU12",2007
"1319",NA,NA,"SU12",2008
"1320",NA,NA,"SU12",2009
"1321",NA,NA,"SU12",2010
"1322",NA,NA,"SU12",2011
"1323",NA,NA,"SU12",2012
"1324",NA,NA,"SU12",2013
"1325",0.0266602137546,0.277596246379,"SU13",1998
"1326",0.412375098257,NA,"SU13",1999
"1327",NA,NA,"SU13",2000
"1328",NA,0.0864456736957,"SU13",2001
"1329",NA,0.19681232592,"SU13",2002
"1330",NA,NA,"SU13",2003
"1331",0.150676893988,NA,"SU13",2004
"1332",0.315938899041,NA,"SU13",2005
"1333",0.0192762151675,NA,"SU13",2006
"1334",0.063254836611,NA,"SU13",2007
"1335",NA,NA,"SU13",2008
"1336",NA,NA,"SU13",2009
"1337",NA,NA,"SU13",2010
"1338",NA,NA,"SU13",2011
"1339",NA,NA,"SU13",2012
"1340",NA,NA,"SU13",2013
"1341",0.0154897186258,0.0665972718241,"SU14",1998
"1342",0.0985792370209,NA,"SU14",1999
"1343",0.000379504554346,0.0283915227919,"SU14",2000
"1344",NA,0.0886522970773,"SU14",2001
"1345",NA,0.2134125,"SU14",2002
"1346",0.0649942757979,NA,"SU14",2003
"1347",0.156692692988,NA,"SU14",2004
"1348",0.0255309823336,NA,"SU14",2005
"1349",0.753712817375,NA,"SU14",2006
"1350",0.0938493260671,NA,"SU14",2007
"1351",NA,NA,"SU14",2008
"1352",NA,NA,"SU14",2009
"1353",NA,NA,"SU14",2010
"1354",NA,NA,"SU14",2011
"1355",NA,NA,"SU14",2012
"1356",NA,NA,"SU14",2013
"1357",-0.0741679787853,0.253805434688,"SU15",1998
"1358",0.177842779643,NA,"SU15",1999
"1359",0.101803477148,0.12438334922,"SU15",2000
"1360",NA,0.162140648443,"SU15",2001
"1361",NA,0.0887375,"SU15",2002
"1362",NA,NA,"SU15",2003
"1363",0.287729779067,NA,"SU15",2004
"1364",0.00439165596971,NA,"SU15",2005
"1365",0.0319704283032,NA,"SU15",2006
"1366",0.0178511417983,NA,"SU15",2007
"1367",NA,NA,"SU15",2008
"1368",NA,NA,"SU15",2009
"1369",NA,NA,"SU15",2010
"1370",0.0592778437371,NA,"SU15",2011
"1371",NA,NA,"SU15",2012
"1372",NA,NA,"SU15",2013
"1373",NA,NA,"SU16",1998
"1374",0.0706293109857,NA,"SU16",1999
"1375",0.013233740623,0.0610732360552,"SU16",2000
"1376",NA,0.0306297204204,"SU16",2001
"1377",NA,0.2932375,"SU16",2002
"1378",0.236183348865,NA,"SU16",2003
"1379",0.0680914953211,NA,"SU16",2004
"1380",0.436864620109,NA,"SU16",2005
"1381",-0.0837693881814,NA,"SU16",2006
"1382",0.0138589922231,NA,"SU16",2007
"1383",NA,NA,"SU16",2008
"1384",NA,NA,"SU16",2009
"1385",NA,NA,"SU16",2010
"1386",0.0810382787975,NA,"SU16",2011
"1387",NA,NA,"SU16",2012
"1388",NA,NA,"SU16",2013
"1389",0.0522012779771,0.0454352660556,"SU17",1998
"1390",0.172150579028,NA,"SU17",1999
"1391",0.0117127220527,0.0139736896936,"SU17",2000
"1392",NA,0.0371080582618,"SU17",2001
"1393",NA,0.0203375,"SU17",2002
"1394",NA,0.01385,"SU17",2003
"1395",0.005806660364,0.0173792000384,"SU17",2004
"1396",1.06267500211,NA,"SU17",2005
"1397",0.0619738114157,0.0772560591906,"SU17",2006
"1398",0.127603679805,NA,"SU17",2007
"1399",0.22114489056,0.0371894560244,"SU17",2008
"1400",0.175572111612,0.0406651892018,"SU17",2009
"1401",0.0339188106496,0.0920184622853,"SU17",2011
"1402",NA,NA,"SU17",2012
"1403",NA,NA,"SU17",2013
"1404",0.0753385146135,0.133705240802,"SU18",1998
"1405",0.200476351942,NA,"SU18",1999
"1406",NA,0.0569534696364,"SU18",2000
"1407",NA,0.0908134253301,"SU18",2001
"1408",NA,0.1525625,"SU18",2002
"1409",0.179019122612,NA,"SU18",2003
"1410",0.876517390784,NA,"SU18",2004
"1411",0.193828388976,NA,"SU18",2005
"1412",0.788667709273,NA,"SU18",2006
"1413",NA,NA,"SU18",2007
"1414",NA,NA,"SU18",2008
"1415",NA,NA,"SU18",2009
"1416",NA,NA,"SU18",2010
"1417",NA,NA,"SU18",2011
"1418",NA,NA,"SU18",2012
"1419",NA,NA,"SU18",2013
"1420",0.0300508252147,0.124725141584,"SU19",1998
"1421",0.106213945712,NA,"SU19",1999
"1422",NA,NA,"SU19",2000
"1423",NA,0.0218889087297,"SU19",2001
"1424",NA,0.0351738361427,"SU19",2002
"1425",0.861089430651,NA,"SU19",2003
"1426",0.940610607871,NA,"SU19",2004
"1427",5.03815687495,NA,"SU19",2005
"1428",0.736459404615,NA,"SU19",2006
"1429",0.349782733768,NA,"SU19",2007
"1430",NA,NA,"SU19",2008
"1431",NA,NA,"SU19",2009
"1432",NA,NA,"SU19",2010
"1433",NA,NA,"SU19",2011
"1434",NA,NA,"SU19",2012
"1435",NA,NA,"SU19",2013
"1436",NA,NA,"SU20",1999
"1437",NA,NA,"SU20",2000
"1438",NA,NA,"SU20",2002
"1439",NA,NA,"SU20",2003
"1440",NA,NA,"SU20",2004
"1441",NA,NA,"SU20",2005
"1442",NA,NA,"SU20",2006
"1443",NA,NA,"SU20",2007
"1444",NA,NA,"SU20",2008
"1445",NA,NA,"SU20",2009
"1446",NA,NA,"SU20",2010
"1447",NA,NA,"SU20",2011
"1448",NA,NA,"SU20",2012
"1449",NA,NA,"SU20",2013
"1450",NA,NA,"SU21",1998
"1451",NA,NA,"SU21",2000
"1452",NA,NA,"SU21",2001
"1453",NA,NA,"SU21",2002
"1454",NA,NA,"SU21",2003
"1455",NA,NA,"SU21",2004
"1456",NA,NA,"SU21",2005
"1457",NA,NA,"SU21",2006
"1458",NA,NA,"SU21",2007
"1459",NA,NA,"SU21",2008
"1460",NA,NA,"SU21",2009
"1461",NA,NA,"SU21",2010
"1462",NA,NA,"SU21",2011
"1463",NA,NA,"SU21",2012
"1464",NA,NA,"SU21",2013
"1465",NA,NA,"SU22",1998
"1466",NA,NA,"SU22",1999
"1467",NA,NA,"SU22",2001
"1468",NA,NA,"SU22",2002
"1469",NA,NA,"SU22",2003
"1470",NA,NA,"SU22",2004
"1471",NA,NA,"SU22",2005
"1472",NA,NA,"SU22",2006
"1473",NA,NA,"SU22",2007
"1474",NA,NA,"SU22",2008
"1475",NA,NA,"SU22",2009
"1476",NA,NA,"SU22",2010
"1477",NA,NA,"SU22",2011
"1478",NA,NA,"SU22",2012
"1479",NA,NA,"SU22",2013
"1480",NA,NA,"SU23",1999
"1481",NA,NA,"SU23",2000
"1482",NA,NA,"SU23",2002
"1483",NA,NA,"SU23",2003
"1484",NA,NA,"SU23",2004
"1485",NA,NA,"SU23",2005
"1486",NA,NA,"SU23",2006
"1487",NA,NA,"SU23",2007
"1488",NA,NA,"SU23",2008
"1489",NA,NA,"SU23",2009
"1490",NA,NA,"SU23",2010
"1491",NA,NA,"SU23",2011
"1492",NA,NA,"SU23",2012
"1493",NA,NA,"SU23",2013
